{"cameraMode":{"drawMode":0,"name":"Shaded","section":"Shading Mode"},"sceneLighting":false,"audioPlay":false,"sceneViewState":{"m_AlwaysRefresh":false,"showFog":true,"showSkybox":false,"showFlares":true,"showImageEffects":true,"showParticleSystems":true,"showVisualEffectGraphs":true,"m_FxEnabled":true},"in2DMode":false,"pivot":{"x":-0.5698205828666687,"y":5.029547691345215,"z":-0.4078429937362671},"rotation":{"x":-0.5534532070159912,"y":-0.0002551906800363213,"z":0.000169383900356479,"w":-0.8328887820243836},"size":1.2247449159622193,"orthographic":false}