{"cameraMode":{"drawMode":0,"name":"Shaded","section":"Shading Mode"},"sceneLighting":false,"audioPlay":false,"sceneViewState":{"m_AlwaysRefresh":false,"showFog":true,"showSkybox":false,"showFlares":true,"showImageEffects":true,"showParticleSystems":true,"showVisualEffectGraphs":true,"m_FxEnabled":true},"in2DMode":false,"pivot":{"x":-2.6689000129699709,"y":1.1913022994995118,"z":1.3369255065917969},"rotation":{"x":0.08350203931331635,"y":-0.8164289593696594,"z":0.12214203178882599,"w":0.5581838488578796},"size":0.5216287970542908,"orthographic":false}